"request_id","requester_received_pizza"
"t3_i8iy4",0.22595549952277
"t3_1mfqi0",0.21348402011648
"t3_lclka",0.204842060056178
"t3_1jdgdj",0.161406227779779
"t3_t2qt4",0.193036363557719
"t3_pvojb",0.147138876158729
"t3_142n4c",0.158676623181566
"t3_17rja6",0.12228308984514
"t3_1lg6u2",0.168614948027781
"t3_1b0mtx",0.200301224028164
"t3_mmivq",0.238379811587414
"t3_11ux2a",0.118299205334936
"t3_klige",0.201137817607309
"t3_1iv3cj",0.756455491797678
"t3_13dh0w",0.180576116258135
"t3_li326",0.20448433650329
"t3_xww8y",0.160246100367125
"t3_kogen",0.229760615834072
"t3_ik8w1",0.264012892230446
"t3_j3nnl",0.195793176548086
"t3_j6xvd",0.202095913538285
"t3_1lsrj5",0.152254707709376
"t3_idld7",0.208555390372707
"t3_y6amf",0.126858803106637
"t3_hl0ft",0.299873119232434
"t3_jg6yk",0.299855820536703
"t3_1k5ss6",0.169358740356267
"t3_u6i4z",0.176440678689452
"t3_ltuhq",0.170483610779225
"t3_1m2om7",0.182334417020696
"t3_hgdtf",0.279225946163409
"t3_w89lu",0.236459893234862
"t3_ifk6u",0.212744282839804
"t3_18c4e9",0.201710489959767
"t3_133rk6",0.16969687957949
"t3_icpa2",0.143414796677034
"t3_tllxh",0.275692368018524
"t3_ibvic",0.138015293913222
"t3_153cst",0.198377439138319
"t3_115vox",0.288272978756706
"t3_n318c",0.201291573936772
"t3_ojy6r",0.23082586549337
"t3_wziql",0.17393483381564
"t3_jiwx8",0.164073317840059
"t3_ibsyq",0.148081271860733
"t3_v07fz",0.800550280414877
"t3_us9ho",0.147522023432171
"t3_1l120o",0.126569667317196
"t3_1avwr4",0.165020111219623
"t3_11pdxt",0.161614867005595
"t3_1eg6hz",0.822209672314687
"t3_nfom9",0.216856496052281
"t3_qaf9d",0.19509763485111
"t3_15dl3p",0.143455288623998
"t3_1ietp9",0.786680610879526
"t3_if8os",0.232227349512721
"t3_irugk",0.225792270188444
"t3_i5liz",0.155820945318358
"t3_1indge",0.824804923358309
"t3_1j6smi",0.181128608518777
"t3_1lxyig",0.159124785362794
"t3_hecc7",0.199337232566396
"t3_14tiyz",0.132926027372551
"t3_k1z07",0.253917156076531
"t3_10wwjr",0.125966108919055
"t3_lvs72",0.231754901460308
"t3_18u12f",0.151018852696968
"t3_yftil",0.154830257748957
"t3_i20wz",0.176291852689759
"t3_zs6gr",0.171964199451945
"t3_17rugq",0.130360288696975
"t3_10cmhw",0.134011685399409
"t3_1jgj8g",0.19126577793034
"t3_16q2jp",0.168165392606662
"t3_1hbpnz",0.196044181297707
"t3_1737ki",0.155750550743683
"t3_pfl37",0.188034943897211
"t3_qg1wv",0.134777375696354
"t3_wcupv",0.113923389977353
"t3_14gsx5",0.203181650811422
"t3_xzsu3",0.738207262462491
"t3_1lnsb4",0.190294256598185
"t3_iympu",0.141848802471727
"t3_k9o6g",0.254717331006989
"t3_1ktbje",0.182594604268314
"t3_zuow2",0.149022344523477
"t3_16tazw",0.197257776928506
"t3_pvl3a",0.196305677189416
"t3_11a45a",0.757758421729217
"t3_187gk8",0.149794337665366
"t3_jrtbz",0.216901635763375
"t3_lagsc",0.260474358690887
"t3_rt9rt",0.146972804946877
"t3_15qz4q",0.207762866949703
"t3_hz1m5",0.225861452161842
"t3_119agf",0.133341533771363
"t3_k70hk",0.243019789168506
"t3_i2xbl",0.15663678086157
"t3_10gk0h",0.825079974290211
"t3_1mwaf9",0.212027899256386
"t3_uwwyl",0.144074497876342
"t3_10ca6l",0.173788420467626
"t3_1h4mik",0.131655717449287
"t3_i0qp5",0.285946047517046
"t3_krx89",0.733371174355444
"t3_ibtwa",0.272984396897247
"t3_11tb71",0.20859667614515
"t3_sfrhj",0.114685588430654
"t3_jncp2",0.228000599565267
"t3_t7qee",0.144893415091465
"t3_zxawy",0.191479334689499
"t3_id14p",0.162005996903209
"t3_1by9im",0.150121537996056
"t3_hwxwd",0.193006618720284
"t3_jmo2j",0.170601498505382
"t3_wc93i",0.101140669767637
"t3_qzu7s",0.127244913659095
"t3_xn9n8",0.149168817508732
"t3_10vrop",0.172726640888766
"t3_1crhe7",0.15107738818081
"t3_sz4rm",0.129724131217936
"t3_micek",0.264407476186543
"t3_nbkbt",0.164002843642494
"t3_13jofn",0.141594827788573
"t3_1fwjjw",0.195634237011675
"t3_q2spw",0.149294659766124
"t3_v8f7b",0.168747387933629
"t3_1cnqfg",0.205348252637727
"t3_xn0no",0.231557853598653
"t3_ki6jk",0.163776457625721
"t3_mbcj7",0.302481628927602
"t3_j65lu",0.259783571272172
"t3_jm9ld",0.24627142628531
"t3_tfo4q",0.768039950220333
"t3_1160fi",0.166023068428453
"t3_yg7bf",0.225007709888121
"t3_naauc",0.169933101228225
"t3_14tdkv",0.186312056929343
"t3_ozrs5",0.241827530923607
"t3_mywtr",0.165556156667758
"t3_14bzcp",0.733220662696825
"t3_1hwd6l",0.176001899461518
"t3_10wbvp",0.193555488002005
"t3_1bn2ov",0.203540147490581
"t3_14talm",0.178487301443955
"t3_13seyz",0.160461646422873
"t3_jnywu",0.199155139723258
"t3_tdww7",0.110754335283427
"t3_vn1l9",0.116419628559151
"t3_zhzk6",0.352070243202374
"t3_1fyoex",0.153198638863969
"t3_11t3kg",0.789024616845559
"t3_tubzr",0.124524940811596
"t3_1gstqn",0.742007834941798
"t3_1euaic",0.152799956428534
"t3_ynaia",0.194415519947666
"t3_1mwhh9",0.138172284790728
"t3_m1y90",0.153988777487982
"t3_1je8f1",0.414189626108298
"t3_rx4zo",0.157903646729663
"t3_1f8kvl",0.190227978411341
"t3_1is6ya",0.156974673111555
"t3_iai8b",0.209466455960461
"t3_1fnw48",0.194058319879399
"t3_vmwzf",0.121788388020283
"t3_jg8jk",0.200685415743887
"t3_12hejm",0.294472708422113
"t3_1krjs4",0.184404944667302
"t3_k4utv",0.228714896976412
"t3_xbitu",0.203142636750717
"t3_13y8zq",0.124160783848268
"t3_q60gf",0.189842239103313
"t3_jb9gi",0.190472227642119
"t3_t22lo",0.163828842116773
"t3_vptrf",0.235266241548202
"t3_1cexg7",0.273696815755969
"t3_yuxak",0.126328765918423
"t3_kdstl",0.172223646908315
"t3_1gy3zk",0.122527486446212
"t3_1cn4fz",0.101749903425912
"t3_1o5psw",0.399216931314584
"t3_1fi04r",0.243455868773047
"t3_ovnya",0.201985003826069
"t3_puk2v",0.135236235043255
"t3_1mwqc3",0.139946465875593
"t3_hueth",0.218734913730963
"t3_1muyje",0.163723966789927
"t3_l5kka",0.190422784949753
"t3_1cmihx",0.148354412775905
"t3_10j1np",0.220122615256564
"t3_sydf2",0.213334843097473
"t3_1fcf2h",0.116568179967792
"t3_m2id2",0.168217333956635
"t3_m0vt8",0.206836115861926
"t3_14t7j9",0.20021989130615
"t3_1b0jci",0.11515808560494
"t3_zsa2t",0.138889462112733
"t3_xd60b",0.183209071948844
"t3_htzo7",0.302278776112351
"t3_1hl0jw",0.127707391492055
"t3_19lq75",0.223177686922553
"t3_1bp2u8",0.190163579224386
"t3_jdxtx",0.219842051608771
"t3_j68ur",0.39170382514872
"t3_10fo7v",0.14004019838178
"t3_18cqfw",0.237281782532268
"t3_1bp1we",0.142600218668789
"t3_hzzgp",0.250319173080031
"t3_jrzko",0.206470244142913
"t3_ieglz",0.172326533501481
"t3_113kuj",0.810424672817543
"t3_ledoj",0.175736480559104
"t3_iy36f",0.205777356603231
"t3_113qym",0.217681224769917
"t3_zha1q",0.292004725393245
"t3_16xsqk",0.162121272289042
"t3_tq5qq",0.120572445894782
"t3_y2qle",0.246567876319243
"t3_jafft",0.209097066953848
"t3_s6iox",0.217122301584817
"t3_vhs8y",0.760541077047792
"t3_kyw1u",0.238807615237995
"t3_12839n",0.196959677241122
"t3_jsaom",0.157063933221344
"t3_qmp3p",0.199652246681172
"t3_ny3zk",0.173931573722811
"t3_lkmwg",0.823308480976937
"t3_uhmf8",0.794470108327945
"t3_hyr3z",0.328692168267375
"t3_pvs82",0.271770849152052
"t3_htfi5",0.195455341347353
"t3_ltyr4",0.197622745228707
"t3_x285o",0.140726932834999
"t3_j2fxf",0.728358261783512
"t3_lt6l5",0.301267724256581
"t3_mlwsc",0.221083346309763
"t3_kwlpi",0.174125345124407
"t3_susbr",0.149022344523477
"t3_13ww4i",0.165854312756115
"t3_rs4rl",0.145582706732169
"t3_12l3sq",0.136827655734723
"t3_1e7zhc",0.140181466734737
"t3_14ssun",0.150518549854669
"t3_pbh5x",0.162969443589035
"t3_1iemsj",0.159465662872401
"t3_qdn9m",0.745288947128789
"t3_ienvf",0.236426767799745
"t3_1ckh9t",0.15855955819385
"t3_hwzc2",0.268888256462047
"t3_p3lkq",0.196186509622653
"t3_icr1j",0.209088336328652
"t3_1ipgcx",0.205119366176729
"t3_iqw0f",0.256217246998559
"t3_1fbfeg",0.15589658626582
"t3_j7us6",0.162268323708225
"t3_iwany",0.194805303510592
"t3_mdhq5",0.223458394659575
"t3_wag1s",0.191204536061733
"t3_1kvwpq",0.189803023602987
"t3_plp25",0.135062720971159
"t3_k3qyc",0.768351250984202
"t3_12txtd",0.121119144239365
"t3_irj2c",0.195640561207556
"t3_qnrv7",0.29003054612386
"t3_m7bdd",0.202422586892177
"t3_10qngl",0.149207022056035
"t3_10d4a8",0.183173066453201
"t3_w160y",0.136582284317908
"t3_lp1ux",0.194078694108829
"t3_1i6bna",0.237227701611464
"t3_1g74wk",0.139038001549635
"t3_18pv4q",0.161987181246892
"t3_1epv0f",0.198217770101299
"t3_1mvb6s",0.145110815996894
"t3_17z37c",0.154114999623956
"t3_m6np7",0.193937309545431
"t3_11tiox",0.173805275199635
"t3_jf55a",0.166083398890694
"t3_l3g0s",0.147971499265463
"t3_19p6mc",0.169878436066188
"t3_xeedv",0.143801489294424
"t3_slq9i",0.144893415091465
"t3_jirtz",0.275264259119921
"t3_tblcz",0.177779052837793
"t3_qqud3",0.254589156469677
"t3_r06po",0.196366338143572
"t3_1l2a9r",0.204274368376021
"t3_iefba",0.39777460524512
"t3_kbc4h",0.15570071596602
"t3_mc7hx",0.215728061138298
"t3_1cyxp5",0.213645522363177
"t3_1lmc4f",0.181138483617507
"t3_wo6p3",0.183495112111228
"t3_ojtem",0.129912433202996
"t3_k3yrb",0.154228126168132
"t3_i8xhn",0.188524051966537
"t3_w6xdm",0.182173152926109
"t3_1mxpun",0.141105474344178
"t3_1lx6vd",0.379367838208417
"t3_j8hka",0.176119418774259
"t3_xawwv",0.125871731717424
"t3_1l19vv",0.203227127151511
"t3_j4vbo",0.188219682287092
"t3_1ikc0d",0.169327969993969
"t3_m6rdr",0.166292621959492
"t3_19xxso",0.185663955220311
"t3_jt1ti",0.20236311888672
"t3_1abab2",0.116568179967792
"t3_17rl0y",0.727480561963841
"t3_jdfhh",0.214801636662901
"t3_1atk3v",0.142987384918726
"t3_tglzi",0.194699248022544
"t3_1iv6uf",0.117890103595539
"t3_p85iu",0.240793880674094
"t3_x9v8i",0.16554861207812
"t3_mwclc",0.287260411829376
"t3_1432t6",0.279807660845311
"t3_1732xx",0.14802359930799
"t3_uaqw7",0.182468906458117
"t3_jwam4",0.1855140230045
"t3_143pb1",0.153183062539263
"t3_ixmw3",0.209526396345153
"t3_roye7",0.160898572872962
"t3_1l1b96",0.161119652546705
"t3_1lfxmx",0.132067462982868
"t3_sm0fi",0.178491420554652
"t3_x6xfz",0.816654827579288
"t3_1akj1c",0.121290880808663
"t3_jzcyp",0.17075101038748
"t3_o1gb7",0.239836209881258
"t3_1dapt6",0.139441746880334
"t3_1a1wmz",0.192996440820726
"t3_17apty",0.138786149523141
"t3_13fi4r",0.153316365528113
"t3_1ly2ne",0.189585729588868
"t3_1mvmz3",0.193867470915119
"t3_10uh4n",0.168285978089774
"t3_1m4s8q",0.17151777374822
"t3_wd1bd",0.131276654642886
"t3_ifih0",0.164993039503313
"t3_1hbxzi",0.124706883807149
"t3_qs09d",0.150562001076515
"t3_mjf5t",0.207379816757754
"t3_12p4qj",0.455498886642066
"t3_soea1",0.167591005796391
"t3_jly5g",0.165930166291138
"t3_1lcmkx",0.167906479244106
"t3_1jo0bx",0.205910376303799
"t3_1ltp6r",0.190275914003823
"t3_181l4t",0.756505532619339
"t3_ipzg4",0.146221525956653
"t3_js0ju",0.336532075516982
"t3_1gveed",0.127629355333811
"t3_tozvc",0.144212807734617
"t3_1kilzb",0.127941943192923
"t3_185vvk",0.141319101670287
"t3_m47yc",0.205158509154656
"t3_1mg7m1",0.172943270782788
"t3_1mdya5",0.130422250068159
"t3_19ctqj",0.136804417414048
"t3_1mim72",0.143095004723655
"t3_iymko",0.305500811185478
"t3_opkmm",0.160510529552348
"t3_y466n",0.168880118076257
"t3_jx9tr",0.147435479710683
"t3_10zoec",0.229532041264366
"t3_u08u0",0.155177519207809
"t3_19ob9z",0.122607992060846
"t3_jzkd1",0.261378452183319
"t3_q73oq",0.130473025299707
"t3_y5vj7",0.815623363449674
"t3_y8w7b",0.151004901980189
"t3_kxjsp",0.173116717978888
"t3_1ivwvt",0.15346095583723
"t3_x768a",0.134704421504736
"t3_1iv28l",0.160190899134484
"t3_1l27b3",0.159661193321388
"t3_q1xxo",0.137324707546368
"t3_jb6na",0.202792284872772
"t3_163bzy",0.158488788385968
"t3_qsejn",0.168118469418252
"t3_1nbrku",0.214059394277998
"t3_1ej7wt",0.823592627533936
"t3_zh75s",0.206577980120758
"t3_lstm9",0.231742269031273
"t3_1j5z7e",0.194616884051457
"t3_1574sv",0.173666460908443
"t3_wkdxa",0.211145074258958
"t3_pl5aj",0.19658264673046
"t3_qap6u",0.764829918077608
"t3_1gvnj8",0.156247773459145
"t3_js9gy",0.220425872768714
"t3_is8cd",0.165236561344207
"t3_lbl8w",0.193319531930372
"t3_uozbx",0.800527987986262
"t3_1lxntp",0.170753543468703
"t3_11n72r",0.145929060116979
"t3_1iez8q",0.134946611420958
"t3_ozu7k",0.245159099282178
"t3_owy0m",0.14169095597409
"t3_1md6b9",0.184349302459066
"t3_1ex028",0.145623862988271
"t3_1dg2bk",0.149030046231457
"t3_hzt8o",0.187417576906925
"t3_131n6r",0.152614269740514
"t3_1jxgvf",0.179366012420629
"t3_jmdya",0.162465182644075
"t3_mg1zt",0.237568919686136
"t3_j0cz0",0.240861810543142
"t3_k1gsx",0.252801194188599
"t3_1dmups",0.219764296455543
"t3_x959y",0.222488233902742
"t3_nnbds",0.236689651109002
"t3_13trxv",0.182208991273777
"t3_1awfml",0.23988437465114
"t3_lyy5x",0.234058118429765
"t3_1iwegx",0.202727483519225
"t3_193frj",0.129576236265499
"t3_1iudup",0.243552692718119
"t3_1fwbdg",0.107637355334261
"t3_16xtvk",0.150931224930903
"t3_1ipepz",0.126376236265499
"t3_mhcm8",0.184844821750813
"t3_1gq3gs",0.266703372721811
"t3_vghwo",0.163868971818143
"t3_keseq",0.21240844879512
"t3_16z08l",0.198238717398027
"t3_mas62",0.241157483857532
"t3_1isgm3",0.223384655427144
"t3_puwjr",0.733714485019615
"t3_liudo",0.794761486412348
"t3_jxh9m",0.228908627211313
"t3_11yzo2",0.138388636955572
"t3_1btj3q",0.132045168904359
"t3_lfma1",0.33782064781533
"t3_pbyjt",0.137611685399409
"t3_1jo4f6",0.148539613456696
"t3_yejtx",0.270369644556619
"t3_193zoz",0.140300585606181
"t3_16w2nh",0.116449723629519
"t3_jhmef",0.234770969277262
"t3_tlbjk",0.165181800381313
"t3_s80om",0.251029506458601
"t3_kwrjo",0.219316469267356
"t3_1cw1ms",0.141281842924366
"t3_uj99i",0.234712918808786
"t3_1apdwu",0.180217680630528
"t3_iborf",0.212283156394238
"t3_12kfy9",0.135631979320887
"t3_126tep",0.19354379074683
"t3_ji3ca",0.272821531166022
"t3_lqnpz",0.248270912253755
"t3_ibvn8",0.743818256864936
"t3_i50i4",0.204929578450678
"t3_lushm",0.22793511956967
"t3_iffit",0.196507022360142
"t3_12nmdv",0.12856483789932
"t3_1lrh6u",0.251030259807509
"t3_qvbzt",0.195309822144713
"t3_1iez5w",0.166532068689228
"t3_ql5gi",0.131681054215098
"t3_1msxkn",0.146319184649548
"t3_jf2fg",0.368168711722013
"t3_1g4lyw",0.153967786884736
"t3_1k910y",0.202429007411935
"t3_x3cmt",0.157051439398193
"t3_x9etl",0.758218470979483
"t3_klaa6",0.221344130758234
"t3_yht6g",0.14395282174174
"t3_y2ljd",0.350768256698633
"t3_ialy9",0.355619623580646
"t3_naq48",0.207792355961549
"t3_107ru4",0.160365971951794
"t3_1ihfkx",0.168660801888755
"t3_1ll049",0.117132109138925
"t3_12nmjl",0.146866539776429
"t3_1mit7t",0.12400764037034
"t3_1n84jc",0.153339991178863
"t3_1boflh",0.156619160727416
"t3_121toe",0.167100539598718
"t3_umaqa",0.149853932441569
"t3_i4ck0",0.227299163074437
"t3_193zo3",0.146614498845967
"t3_1jggdv",0.111482221012929
"t3_lencv",0.256807661905236
"t3_1ahfft",0.80207102164744
"t3_vpa6p",0.184730398196408
"t3_k1yom",0.266471170098688
"t3_k4nfr",0.134092396481909
"t3_iptt8",0.192886507232213
"t3_1n5n9z",0.152719174230543
"t3_sss6w",0.21794347786435
"t3_jb038",0.22610625175504
"t3_v8beo",0.2608972094658
"t3_i9qjc",0.207352128485354
"t3_uoywy",0.204811289811407
"t3_15gf4h",0.164269840688685
"t3_z7i98",0.7171745131877
"t3_kibv8",0.153935278182104
"t3_lope8",0.216807181089269
"t3_116umn",0.289384212839384
"t3_k31fw",0.216068372780552
"t3_yl88m",0.157955952112187
"t3_iypmh",0.197441734064169
"t3_ihdnr",0.248510153351146
"t3_15jy6m",0.179668307749631
"t3_1l0j5d",0.169136225361425
"t3_1diu6d",0.206410969192131
"t3_1fzhzr",0.144493901641561
"t3_iclgj",0.284911867294334
"t3_1jzcon",0.195548790631595
"t3_l2tb0",0.246350011988488
"t3_16xpx8",0.145793832880246
"t3_1h6hhv",0.264307685085778
"t3_10u7w0",0.180592818836381
"t3_vnbuw",0.180942649254769
"t3_j0p9a",0.160553864108835
"t3_z59mf",0.186604437966579
"t3_1lozqp",0.210792402747825
"t3_mwzrw",0.240194061551024
"t3_iri2m",0.246677292091048
"t3_qc8g7",0.190150935392919
"t3_mkd95",0.240661239170929
"t3_yl0d6",0.371355976904089
"t3_1gtjtl",0.777994402006683
"t3_1l8cy1",0.152068106574865
"t3_k0rt7",0.189875820411423
"t3_17bfiq",0.15130407740657
"t3_10ha4t",0.21300873981902
"t3_ylne2",0.217418511056715
"t3_q3bzv",0.161572842335541
"t3_100ws2",0.202808822501233
"t3_wkix8",0.725630330592067
"t3_1cqwsx",0.14866622287394
"t3_144op5",0.217327170518076
"t3_pmvgu",0.206671078075557
"t3_16bg93",0.219359763234112
"t3_10a2dc",0.18853964441742
"t3_pt1qv",0.824035483854629
"t3_1na4hu",0.810520741023013
"t3_1lt6br",0.124209695486654
"t3_152ods",0.129047990655334
"t3_1j96zh",0.385115636326866
"t3_ialea",0.225773824598095
"t3_1kiib3",0.157928370720588
"t3_zj8ln",0.142425935265861
"t3_1ku1id",0.139926725711813
"t3_yq9dd",0.123981805172319
"t3_j1ppy",0.269806693661744
"t3_12rcts",0.131847990655334
"t3_1005cj",0.110107047722636
"t3_v10wr",0.156939060542593
"t3_10tzmd",0.157289514979202
"t3_1j4sg0",0.147150398420974
"t3_13y2ou",0.118160783848268
"t3_16c7pm",0.196400245541919
"t3_jpyr1",0.207681875338193
"t3_ynmkd",0.156498311045309
"t3_14wvfb",0.170544464888273
"t3_qj5j2",0.131640096080783
"t3_ys4zk",0.177556455981534
"t3_1imxgn",0.145477119267121
"t3_ukrwy",0.187940582547165
"t3_1b4spk",0.106001093500534
"t3_wpp9o",0.19165677138678
"t3_s4jhg",0.153882174409263
"t3_i2vq7",0.184730934082899
"t3_1miz3n",0.110891455122533
"t3_1209kl",0.169093566913693
"t3_wh0l4",0.218722431146538
"t3_lu96s",0.175682246434201
"t3_kcfr0",0.272533574905661
"t3_1myvpl",0.179867253708879
"t3_1l0lpu",0.209670081267655
"t3_z1lre",0.194067264896251
"t3_1mu7o8",0.135169278227661
"t3_zukcs",0.235797501359364
"t3_i6vkd",0.254911079847061
"t3_kcldp",0.38014921011876
"t3_19dhd6",0.132587148596714
"t3_1i7c6y",0.186700361704947
"t3_seonb",0.125070105029681
"t3_rv4en",0.150668703904653
"t3_qrwex",0.818293241273538
"t3_1mo5ws",0.213164054565078
"t3_ndq9f",0.225512771584553
"t3_o0l9h",0.129364706457589
"t3_tds8d",0.382263473441208
"t3_1jde5v",0.139918364868662
"t3_12hb73",0.218571910162156
"t3_juemz",0.12163034158021
"t3_kh34f",0.220667383072866
"t3_khwp6",0.310332114927935
"t3_iqumh",0.306892382082446
"t3_pszmn",0.200773673625977
"t3_1mx366",0.161507499241444
"t3_jcm20",0.240521742054277
"t3_1bbzet",0.155063343654556
"t3_iowa1",0.169972220952361
"t3_1h1syy",0.156978464208992
"t3_myx8u",0.313937457018588
"t3_1g7ny0",0.144701487507978
"t3_17tkid",0.149569921231525
"t3_11hcyw",0.150190101062628
"t3_n6qkh",0.187266733267782
"t3_tmn3s",0.134182761157828
"t3_11v7q2",0.168483767728495
"t3_1cd6yv",0.138336832302155
"t3_io0oy",0.238915598791353
"t3_1hip5p",0.749356952763815
"t3_1gkd2i",0.118650294270031
"t3_hvgv7",0.295483303211018
"t3_m5a39",0.12622074837217
"t3_17sl35",0.755106853964523
"t3_utp3h",0.193693985342272
"t3_10tv7s",0.0997577140489267
"t3_1a40n4",0.133728664721212
"t3_kj8a0",0.171093581117591
"t3_1mgrri",0.143743352990393
"t3_1nd11h",0.792953030614811
"t3_1ldhfb",0.162301948985638
"t3_10mo95",0.733520954493589
"t3_sx32l",0.220411162800819
"t3_pw2mi",0.139241772614424
"t3_o7co1",0.193542877858375
"t3_16stuw",0.142844751071482
"t3_1ctx4r",0.106202937905079
"t3_1adx9s",0.190388823798287
"t3_il9ks",0.16636403984515
"t3_rp169",0.201124241320931
"t3_zatki",0.231262880248715
"t3_iknip",0.197005150505641
"t3_uhoi3",0.122568218511671
"t3_uz6m5",0.170558255902746
"t3_127wms",0.313736932621728
"t3_16bong",0.116568179967792
"t3_uz1hn",0.186913657708894
"t3_keq0w",0.181554970243481
"t3_y3hef",0.230801762751259
"t3_iaoch",0.278986604277832
"t3_rf6ne",0.195192267786757
"t3_1cjpyc",0.219895683926905
"t3_t1rba",0.816062856278473
"t3_j5td8",0.325260672005753
"t3_mpkb2",0.223579074884324
"t3_x8k7r",0.215592331055226
"t3_ikw4b",0.223239634828727
"t3_1784zg",0.2244545390176
"t3_it7o4",0.221390523435328
"t3_zv8j4",0.789835770591711
"t3_12t1lk",0.132262649511577
"t3_vjk10",0.200773926396492
"t3_khwh9",0.168752600077809
"t3_1b7u1o",0.179482253540991
"t3_1l2duz",0.181825905679836
"t3_wkwew",0.23676496432204
"t3_l1klc",0.170051275222753
"t3_1epqt0",0.264861848924077
"t3_1mvp23",0.204639174520571
"t3_tnfo9",0.135363089210858
"t3_ka7al",0.178321125238105
"t3_wwl2i",0.206620139547549
"t3_inkwj",0.288324483498011
"t3_ilt19",0.263449875179319
"t3_pgs0h",0.151964178072525
"t3_iwfey",0.234920934462343
"t3_jqgd5",0.238420838490131
"t3_qc5o5",0.297240491847063
"t3_soims",0.118733271709737
"t3_17s4gm",0.153559442851653
"t3_1hq0de",0.108879919114572
"t3_jigc8",0.139876686042253
"t3_1l2vma",0.141141635859819
"t3_14t437",0.215239195140071
"t3_19jx8n",0.13408262270523
"t3_n420r",0.193790002108072
"t3_1czpg7",0.161698715318612
"t3_ishzm",0.248364554912748
"t3_nx2c3",0.247468103439598
"t3_1jx4g7",0.197391913077816
"t3_12zak9",0.171001909132882
"t3_p7o7p",0.262265963564862
"t3_u7588",0.209825666632974
"t3_icoi3",0.179295491482358
"t3_10p6bh",0.125928765918423
"t3_j0ert",0.223811521222753
"t3_i5pv9",0.214405005904954
"t3_ncw61",0.263564384926971
"t3_1a6oez",0.130978538163855
"t3_15zae8",0.186653151031861
"t3_118p7t",0.225758071607273
"t3_p1s5g",0.143928657477497
"t3_slvkc",0.772298218251563
"t3_1n0mel",0.164679030113146
"t3_z9a9f",0.145893718837467
"t3_vzxe5",0.80760447941205
"t3_103oiv",0.103927567729157
"t3_14wzoi",0.154225337254322
"t3_1ib7b2",0.174093517718303
"t3_llyi4",0.142132486330442
"t3_1kxzgl",0.172905544999314
"t3_ihdep",0.226274613194772
"t3_iui32",0.163585073833242
"t3_pwu9g",0.253987908638855
"t3_1jd4uk",0.149050431155563
"t3_iq6md",0.213833363882515
"t3_x7u2w",0.215354634929624
"t3_1j6vvd",0.19718128214562
"t3_103ub7",0.174489201450178
"t3_14a8dq",0.133047990655334
"t3_m99m6",0.287906326891118
"t3_x7oqf",0.186839081464934
"t3_1ce5o7",0.764011250007315
"t3_1cvjjv",0.174801645258278
"t3_1nbngz",0.197096939282983
"t3_1a8xdn",0.143110436566881
"t3_16yaml",0.138160908978499
"t3_1i8aq1",0.155864292161764
"t3_15nht5",0.805366579732566
"t3_1glm8v",0.173298895216301
"t3_l8c3e",0.185531215925975
"t3_qgp7g",0.139746079440508
"t3_1bbkjj",0.160639365798354
"t3_l7tdm",0.301464496143015
"t3_oqfw3",0.161186401597949
"t3_vn01f",0.165296184344075
"t3_j7spk",0.268361653795716
"t3_k6wpu",0.29324957386387
"t3_wywms",0.182426446286895
"t3_1mzwgv",0.311466755847545
"t3_1g30en",0.149419828932306
"t3_1lqpgs",0.195413319923266
"t3_xlntv",0.174537070010019
"t3_1jaeay",0.138780383727086
"t3_xwkff",0.137985299519802
"t3_qble3",0.173958949432529
"t3_vgtvb",0.124491503219133
"t3_huun2",0.195652211574222
"t3_11iwbh",0.212710872426897
"t3_saszu",0.223076170143276
"t3_17ziw6",0.758654935897598
"t3_nfyao",0.24421921366502
"t3_zuqs9",0.118191551336843
"t3_1aoyt9",0.113156046818969
"t3_i5viy",0.184489402028388
"t3_1alsyg",0.144684993541333
"t3_1i1vg0",0.152291542198377
"t3_ot0gt",0.211863601879816
"t3_o32bg",0.155093083579745
"t3_1ihs5o",0.158614444814904
"t3_n6ike",0.159499087028969
"t3_19w1fa",0.176247956835094
"t3_1iz7w9",0.167378679304018
"t3_15irym",0.255590657166322
"t3_recpu",0.775440325721011
"t3_1bnjaf",0.165135448810153
"t3_mn557",0.207820284621411
"t3_1iuxw6",0.181196341601971
"t3_1eipbs",0.243795570515264
"t3_16gm64",0.821970942028272
"t3_z10a2",0.113912267879766
"t3_jq2qd",0.193815797882101
"t3_yl0mo",0.257998092606596
"t3_iburr",0.190525542596796
"t3_ijk8n",0.170196667570102
"t3_jya89",0.258369188095236
"t3_mslxz",0.825245001124305
"t3_1nuvzh",0.300833831245104
"t3_kkd4w",0.179074050350158
"t3_qbp6w",0.159660935004754
"t3_1g2qc7",0.124149153420214
"t3_10fjy1",0.0949303950749511
"t3_qzqrr",0.13978588566464
"t3_sizfg",0.180973026068994
"t3_k6dvb",0.184347184737404
"t3_jx8c9",0.191261331234296
"t3_1l7szl",0.194721135891398
"t3_kal40",0.217231298966018
"t3_y80tw",0.127751117813987
"t3_q087s",0.813465530767422
"t3_wcv08",0.132883888456435
"t3_11ybtb",0.152923206721791
"t3_jb0sr",0.216515732651807
"t3_iqyh1",0.211797568031493
"t3_vbvas",0.192619292929357
"t3_i77kq",0.759572094964347
"t3_kn4tz",0.807350065609046
"t3_iql59",0.23657859954247
"t3_1jtmxq",0.231116055471267
"t3_1g4n79",0.160632284695284
"t3_18a5ku",0.111512086962803
"t3_1eojga",0.137816959361269
"t3_qyoqv",0.246928346733685
"t3_j0c1a",0.219284121601179
"t3_14yxcw",0.128292664552963
"t3_16n6pk",0.140798346643886
"t3_vmld7",0.130576962033888
"t3_19wz0p",0.150853106570962
"t3_wh5io",0.853392506266648
"t3_wllf8",0.13421273320878
"t3_1j8sle",0.374625020836382
"t3_ygzwt",0.76870081665086
"t3_sf1tx",0.801641888141121
"t3_my2jp",0.200974431307643
"t3_1csu44",0.157894995700279
"t3_1gzwv3",0.177059084136801
"t3_14i071",0.178376573270916
"t3_mlvt9",0.222667898087297
"t3_16bki5",0.801057421728993
"t3_1irwdx",0.192188866756599
"t3_o9r7b",0.218746232963848
"t3_14ul32",0.273424157315865
"t3_1i0eh2",0.742696894173276
"t3_mqngj",0.262837893049283
"t3_1crdrj",0.137851387059321
"t3_x5h3j",0.187344075112285
"t3_1kud1g",0.150441427106627
"t3_iokob",0.155859441803971
"t3_lqc45",0.225336221241597
"t3_1nbk5w",0.17033353425902
"t3_1dqyg1",0.156531224930903
"t3_1lxc6a",0.177357479439891
"t3_16up9c",0.150746280033798
"t3_ki92d",0.165777353455356
"t3_xun5w",0.127409453623191
"t3_jp37k",0.156394269143073
"t3_iw40l",0.200436818042901
"t3_1bnc88",0.13451279655394
"t3_nf344",0.757236074964493
"t3_if7k2",0.184559012002011
"t3_jkyp6",0.149831286127525
"t3_1cpe20",0.233801236308467
"t3_tq16k",0.114678968816025
"t3_1dd5tg",0.16571726074217
"t3_16smd3",0.17927245572689
"t3_uumxf",0.259617955234412
"t3_1ihpy4",0.180300867372872
"t3_ip2hr",0.42489629491669
"t3_pvcnn",0.14130456371684
"t3_16kriw",0.103802000788147
"t3_lwy5f",0.210982223640995
"t3_wy5o2",0.150562001076515
"t3_15995m",0.154116732457568
"t3_1g80pd",0.154903614742594
"t3_vt5ky",0.739191220161205
"t3_kpi24",0.256882777713698
"t3_15uhsz",0.118131903929529
"t3_wy5zu",0.781595953708283
"t3_x3kb1",0.196276661575621
"t3_j6rym",0.793213196878987
"t3_oseds",0.213657432059073
"t3_11u31u",0.810744645666036
"t3_r167g",0.135850934162094
"t3_1dauom",0.137759946186095
"t3_11h6ki",0.181509269448288
"t3_y9wpd",0.108830196788263
"t3_spamz",0.101246095293819
"t3_1ikz3c",0.165539782613847
"t3_y60rj",0.144266825006241
"t3_vctql",0.194846712580344
"t3_k50j9",0.209825222453657
"t3_iavvx",0.259406345359607
"t3_u97ej",0.14480791147238
"t3_zeqka",0.154367162559104
"t3_ivcii",0.218737163068239
"t3_10u1pr",0.72857639301357
"t3_ibqzx",0.819381689078879
"t3_k1f2x",0.137688047719277
"t3_1e9rou",0.140483098487471
"t3_ibp27",0.159007357482605
"t3_yfron",0.814537245515126
"t3_ity9v",0.195240083329073
"t3_16tpsb",0.197757140607634
"t3_1iwtmh",0.219636339520558
"t3_o8a74",0.156866188969809
"t3_lqmfy",0.200093856599306
"t3_yabhi",0.148963265197126
"t3_1gzjki",0.192051039502249
"t3_qlw5i",0.167357644146831
"t3_1iwu3k",0.140656572405226
"t3_wzgke",0.138265390859598
"t3_x60uq",0.180365450936876
"t3_1n8ya7",0.20004401242212
"t3_1mxh2m",0.159428788752092
"t3_nuc18",0.24309001745685
"t3_n02dy",0.202929404442034
"t3_19jb1z",0.138008299760277
"t3_1krrqc",0.175123502400428
"t3_xuxaw",0.136621960580851
"t3_xoqxy",0.138345666173451
"t3_1iu6wt",0.226565866992194
"t3_1hbjrr",0.0977330381828843
"t3_14xerk",0.148943108475562
"t3_o4np7",0.192226821241789
"t3_j6rve",0.22748387252123
"t3_zjzx0",0.81819262624254
"t3_wdhwu",0.133918922627764
"t3_1ii2m8",0.183526974256065
"t3_12jnd7",0.155781825446344
"t3_noqvy",0.229126835628415
"t3_1nbmq4",0.188668975374467
"t3_13bycv",0.314365652255623
"t3_1d3knr",0.253281166976215
"t3_wogdg",0.773491342815008
"t3_11q44h",0.144661455087501
"t3_12nzg3",0.749997274948516
"t3_17tw9t",0.150643718477682
"t3_if2lx",0.190068817889096
"t3_1jun2m",0.197967911773819
"t3_19cylf",0.19622252296788
"t3_jt3rn",0.172647606171181
"t3_1ibd5b",0.875273117587976
"t3_l7cxz",0.236377548207064
"t3_1ci2kn",0.167377260496993
"t3_lcdp2",0.138485206923236
"t3_1lfolk",0.829664241288551
"t3_1j8mbe",0.16151412300441
"t3_jx8ma",0.175894853862307
"t3_1cu42k",0.114732109138925
"t3_kalpb",0.177993273495018
"t3_12lehd",0.184581933807212
"t3_kskxw",0.195929422977894
"t3_1n296f",0.227517414483279
"t3_lgsol",0.22733316703774
"t3_i82id",0.280202671929294
"t3_n5ee3",0.293183464293872
"t3_mw6mn",0.253881825202772
"t3_1c162l",0.14907122084634
"t3_ihvtc",0.384271978539161
"t3_154oxy",0.147129172021184
"t3_kqiam",0.150529654431089
"t3_n5s0d",0.228960109725035
"t3_10kx56",0.243154273155112
"t3_v1zxp",0.194054061410952
"t3_11oca5",0.234977286772929
"t3_lhtt9",0.203769453828045
"t3_o1sex",0.150341684356987
"t3_10opxp",0.138467962273641
"t3_11l9tf",0.169907772155557
"t3_wad1r",0.172533197163515
"t3_11ub4a",0.172970024177349
"t3_yrhwg",0.199892034551241
"t3_wapmb",0.16348376005577
"t3_1azh0f",0.337290090351128
"t3_1cyenp",0.147964787427145
"t3_m4a4w",0.20797843287077
"t3_16ei1j",0.16298419757377
"t3_17dp7q",0.146914729024673
"t3_1b1yue",0.124237403844066
"t3_128jt5",0.267630938937162
"t3_xbm38",0.274894392800568
"t3_1hplyt",0.178511076054724
"t3_yhdcj",0.125043622830308
"t3_1h7v40",0.189020209307485
"t3_qywp7",0.240480037500058
"t3_1mjo0g",0.107588600916073
"t3_i2gwx",0.255234623940374
"t3_x7px3",0.187274483984107
"t3_17crrn",0.194876621711998
"t3_15muo0",0.181412891233484
"t3_iatwz",0.279593695248909
"t3_j55ss",0.276565339776548
"t3_1ah59z",0.795497775664942
"t3_1hg3ju",0.173373267827755
"t3_kfdgh",0.179790146762851
"t3_l61uc",0.153966417037556
"t3_w6c9t",0.187431174145915
"t3_m5gfe",0.16326553774835
"t3_1nuw9m",0.189361885009036
"t3_rc0s8",0.246638319445986
"t3_n04lh",0.168216558157337
"t3_ozr08",0.213402411889683
"t3_k5v9b",0.176720084672791
"t3_z1zks",0.171839352969468
"t3_q5yda",0.216882602771914
"t3_y3xyz",0.140047889394329
"t3_julqz",0.157015887410444
"t3_14tned",0.162466387195132
"t3_11ppkr",0.219804658775723
"t3_1cruvk",0.145801297971223
"t3_s3iwq",0.253314434803231
"t3_iqvav",0.143139589774948
"t3_lzc3o",0.267632480292057
"t3_wgfco",0.134766346663968
"t3_14tp3u",0.749111366059612
"t3_pgnfb",0.141403090695227
"t3_jf2ir",0.196480498924505
"t3_k4gza",0.196151629424229
"t3_10wg2c",0.160499797576539
"t3_if7p7",0.237094738855554
"t3_m45jf",0.162369312969312
"t3_uf051",0.853548061725794
"t3_17mn5i",0.202792874873669
"t3_17gl52",0.142653709688692
"t3_iqvla",0.18536805198643
"t3_ldki5",0.242835403862038
"t3_1126jt",0.157880581689892
"t3_mvsb5",0.175057937850641
"t3_n32ze",0.228883731931947
"t3_gl7ef",0.223996463167198
"t3_iug9n",0.211912897700263
"t3_1ewdrb",0.266074296580829
"t3_tdu8m",0.220981779051575
"t3_k91wr",0.298585350936839
"t3_r0h5h",0.184341914548626
"t3_ifbw5",0.184674510236403
"t3_1n7sx3",0.217691805785015
"t3_1b5a4p",0.219903125162718
"t3_iamq6",0.31226472030558
"t3_o6z29",0.121745377737161
"t3_jydqo",0.278805414192853
"t3_p3ftt",0.202469771102461
"t3_pupzc",0.229134398345396
"t3_tn97v",0.167692214232223
"t3_vqsnl",0.191420186439226
"t3_12cxuc",0.111407939706177
"t3_1ktx51",0.26872372974193
"t3_tydcg",0.123373074748047
"t3_hug18",0.219093401727824
"t3_mi7ma",0.257530917806482
"t3_l67if",0.1592134995555
"t3_1lml71",0.173678536173158
"t3_otuha",0.125405175174493
"t3_1dfe2n",0.22490316841811
"t3_zkui3",0.157232159856052
"t3_1mh9w4",0.164298979949434
"t3_1jp3f1",0.259629876996624
"t3_16gr5b",0.15464720360435
"t3_mwd82",0.153584364870203
"t3_1jn1j6",0.279297931389378
"t3_1ezf35",0.127022867498621
"t3_1j4ytk",0.804405730213802
"t3_ud0gj",0.133065243567373
"t3_1f8knc",0.191242510959732
"t3_vgool",0.852984537022875
"t3_11b1ti",0.13697699655711
"t3_1aoz8s",0.170650633287968
"t3_1cr1zd",0.163796837546305
"t3_yvma1",0.118473147751932
"t3_ifzvz",0.250370312227586
"t3_sp26r",0.123014388315761
"t3_w5b9g",0.169252349410521
"t3_ql4hw",0.118034609654308
"t3_v1zdc",0.207617061001061
"t3_kxz0h",0.20861504467109
"t3_wa7hw",0.776820887395133
"t3_lgtm6",0.157076564947927
"t3_is4sr",0.191728601932432
"t3_19b1c5",0.151435072589218
"t3_1iv47z",0.167683972545986
"t3_1j04eu",0.267087567514762
"t3_1jx10i",0.147662148487478
"t3_i5o5g",0.219326095748941
"t3_1e920k",0.235255998403446
"t3_k70pb",0.824583979617356
"t3_xko5d",0.132255326383801
"t3_1a3vfl",0.151930804542839
"t3_1lxybt",0.20327173364443
"t3_ldjhu",0.264110073398041
"t3_ldeog",0.258125339293687
"t3_pfod3",0.208391578361351
"t3_193qwb",0.138296501690652
"t3_1950v4",0.189781770689133
"t3_lzkhn",0.200647668115446
"t3_krl47",0.15139813744546
"t3_r67bm",0.154139750635542
"t3_zaw9z",0.155326751121831
"t3_sxko6",0.223504117657699
"t3_p8av3",0.150592072615186
"t3_inwm2",0.179441346599827
"t3_1ihttr",0.13659703676606
"t3_j85dp",0.250831051611259
"t3_1ag1v5",0.739744692420811
"t3_1lu5yo",0.150832069358478
"t3_1fj9p3",0.154074331210636
"t3_1nv4ks",0.131582984029541
"t3_1mdaak",0.145818568671394
"t3_1ctxw7",0.219227918010269
"t3_1eevnc",0.199973812609089
"t3_1ij15g",0.221437311967329
"t3_15isv5",0.28032267941309
"t3_1lf3me",0.167940211715364
"t3_16d2ly",0.128639911779911
"t3_1k1xs4",0.193498325310412
"t3_ytvgx",0.423507645663387
"t3_1ihggu",0.223015027330057
"t3_iyq1i",0.194071834969589
"t3_j2vji",0.209606477474258
"t3_tf9im",0.135077528573156
"t3_15ti56",0.15759699407057
"t3_zq14r",0.141402068896469
"t3_ix9g0",0.195397889285685
"t3_sosun",0.153691338274216
"t3_13byqo",0.141585235640284
"t3_1cf800",0.202980805592501
"t3_135fj1",0.119331893028385
"t3_1crefk",0.1706353986129
"t3_10cvn1",0.145848228441659
"t3_sidd8",0.221907099381132
"t3_l4o05",0.11620051429179
"t3_1irpp0",0.182752376912631
"t3_14tboe",0.191244530650756
"t3_14vcsz",0.20948697039385
"t3_1ik17v",0.163251202394922
"t3_1memn0",0.153895673377727
"t3_1icup0",0.181388146752443
"t3_lhqi7",0.138598362144398
"t3_1ipvwk",0.155865525374173
"t3_1dlaly",0.146030001510311
"t3_zzuu4",0.221614239715548
"t3_19cz7c",0.128399825055913
"t3_1k64o2",0.18148678804401
"t3_1mjpg0",0.148264230886272
"t3_iol8h",0.292348710891912
"t3_1isd30",0.125532109138925
"t3_lj7oy",0.807078203519708
"t3_xnm2p",0.233699272093277
"t3_1c3v9m",0.141630282139181
"t3_s4svv",0.815908977720483
"t3_19jlpy",0.134345334007257
"t3_19nhbi",0.12400764037034
"t3_1gb1to",0.211175563848316
"t3_1c8rmz",0.81739945718929
"t3_1igt9f",0.180468601154035
"t3_1eqmt5",0.16305848449893
"t3_rwaf0",0.162649215356582
"t3_1kw2e6",0.129529232545274
"t3_1jgelh",0.16755550718603
"t3_jcq0o",0.198738448849186
"t3_172kz4",0.173423281227874
"t3_w56fp",0.832038921245045
"t3_my16i",0.17156214744575
"t3_k0r9x",0.197856409045694
"t3_17sczo",0.143655560821505
"t3_14im5p",0.220245757311126
"t3_1ih8z4",0.842136512195327
"t3_qmmdi",0.184589213467355
"t3_qgsgw",0.136671663593272
"t3_1gdjus",0.125960603825117
"t3_k0vt2",0.264904547536175
"t3_1jd94m",0.18520783458074
"t3_k4z02",0.210046203137425
"t3_lp6lv",0.172361695684261
"t3_1agayp",0.182007317390037
"t3_1b9o16",0.160079695496196
"t3_17q6f5",0.217900217396934
"t3_n39i4",0.143120143179035
"t3_pey91",0.118253976372731
"t3_125l77",0.120910080765684
"t3_150p6t",0.133742392571749
"t3_1ig7c8",0.150910942941628
"t3_1bd8v3",0.173803434142232
"t3_in1tc",0.18564631525536
"t3_pcmhh",0.230345033993702
"t3_ziw36",0.183743093066821
"t3_m489r",0.243341227654878
"t3_jxuil",0.26696299700237
"t3_i7lvc",0.299010758470554
"t3_iq3hd",0.289716265872991
"t3_y5tl0",0.214100131035509
"t3_1mx6dp",0.259875904786112
"t3_17la4f",0.163248436013099
"t3_i11au",0.168944587257993
"t3_naa39",0.275782036914905
"t3_k87gg",0.245472952503373
"t3_lrud4",0.206401991292116
"t3_11k0ch",0.143135495763632
"t3_jjtne",0.268419197340324
"t3_1o3fi6",0.159943108822468
"t3_qwz21",0.230724369511519
"t3_if9kv",0.184055359521758
"t3_ino69",0.20841520635568
"t3_y36b3",0.20201488948355
"t3_ljw7y",0.168971813747429
"t3_msmlt",0.291940324364839
"t3_1c01o8",0.465647427776365
"t3_yk3jz",0.12315160098003
"t3_jvh01",0.191367397048178
"t3_wgsws",0.163398364433554
"t3_lq66h",0.174478347864512
"t3_15567s",0.775708604699576
"t3_1lsr9x",0.238470497508987
"t3_1d96q8",0.186020457694879
"t3_r1xtu",0.168141265319592
"t3_1exwmo",0.229938243339096
"t3_k4m4x",0.208609335872584
"t3_15e251",0.156192324539634
"t3_1ma7rd",0.130336334265275
"t3_jgtfw",0.214981367856117
"t3_18droz",0.761019252537961
"t3_phmbn",0.188246784312387
"t3_n6s1i",0.246157449845529
"t3_htxnw",0.304416982611635
"t3_wkd6l",0.78492963148071
"t3_1i8b15",0.161533613573251
"t3_17ovhi",0.164024171692294
"t3_ngtw8",0.130297896263036
"t3_jedff",0.212938709671138
"t3_1iv2s8",0.125667338551321
"t3_iynyd",0.161230643489397
"t3_vi2qo",0.151774232295832
"t3_nz2df",0.170769652661238
"t3_rkhub",0.167260899328947
"t3_jmr1j",0.229300252631782
"t3_iwavb",0.178236889660425
"t3_iv6eu",0.159364259161485
"t3_j6nr5",0.241953469983362
"t3_1cniq6",0.195783744557771
"t3_q0c6k",0.121173963714795
"t3_1mufdh",0.142424396003636
"t3_1bw1b9",0.126122562154934
"t3_ico94",0.135316935618533
"t3_vipop",0.272663369916501
"t3_1iwdep",0.225487360357109
"t3_1izd63",0.133829241919124
"t3_1m9j1d",0.382157273424321
"t3_1g5pyx",0.118804667187053
"t3_v7tzf",0.168441206153042
"t3_jog1v",0.201050632411214
"t3_pe8md",0.106645468171561
"t3_kxlzo",0.196347021360308
"t3_kz2ws",0.23826635863556
"t3_1ee1fp",0.119846041001269
"t3_khxzm",0.167607176004481
"t3_1166u8",0.129064541342179
"t3_wj4na",0.143978511233322
"t3_11lg2f",0.11687759731257
"t3_1iwg9n",0.179860979974128
"t3_vjgu4",0.141912689725895
"t3_1275dw",0.168633687572395
"t3_16w1fs",0.343800171624054
"t3_1lxlbw",0.186239944154001
"t3_ojw1m",0.194540319053391
"t3_1jart1",0.182797539232972
"t3_yf6n3",0.164743048840101
"t3_1n859f",0.229425103932188
"t3_n993g",0.158095836914617
"t3_jzi49",0.220526799575721
"t3_tv7zq",0.820661557422013
"t3_opj7h",0.200891991715794
"t3_12jio7",0.168272506372047
"t3_1loyn7",0.246969996036133
"t3_12c6hf",0.202841751368292
"t3_pzish",0.16434851263152
"t3_1h05vp",0.142554756250531
"t3_110efm",0.178239224425154
"t3_xa98e",0.378465576891591
"t3_xgrpi",0.109598917263336
"t3_1h29mo",0.428622381983557
"t3_niode",0.369751594345755
"t3_hy49h",0.181533327725063
"t3_1eluz0",0.126434907779977
"t3_12eoc9",0.166459565288163
"t3_1necw3",0.157001298578502
"t3_1lw16j",0.781213735428364
"t3_ihh90",0.189145757480448
"t3_jyepv",0.29071164123144
"t3_kqf8k",0.232200570749568
"t3_m9h42",0.16817788645159
"t3_ikck4",0.204694390538015
"t3_vzfp5",0.180609491002218
"t3_1mhbok",0.266213735871671
"t3_150x3u",0.184879977478284
"t3_rdsa5",0.823625842282298
"t3_1k175h",0.183573228848868
"t3_xu8em",0.133802217688635
"t3_w7fjy",0.198368152054061
"t3_xnrho",0.176706239106408
"t3_1n6wjw",0.172501498173861
"t3_15fud8",0.152859914026078
"t3_11hnoe",0.123866328930105
"t3_jmnl8",0.237352380636266
"t3_1kkv09",0.126590903703896
"t3_ngvgh",0.152596921386034
"t3_jx94c",0.236623209269136
"t3_xwxmj",0.184446810012456
"t3_iwfd1",0.137301042681956
"t3_10hpsk",0.791314554446397
"t3_hvwav",0.218502006132941
"t3_snqsi",0.10303733358913
"t3_icqr9",0.279394207337352
"t3_ibz1b",0.216582277509389
"t3_iay69",0.119960130046006
"t3_11zblm",0.155171710789016
"t3_wzkmu",0.21931074992721
"t3_1crpj5",0.154928691142334
"t3_iczu2",0.161107978290322
"t3_wns9p",0.28361762944483
"t3_1invu0",0.156293198507864
"t3_m2hic",0.145164583695025
"t3_vi9dc",0.13777670814878
"t3_pimge",0.165437650082265
"t3_i7adt",0.387555114672984
"t3_15e9dq",0.754371584587802
"t3_1czkj9",0.213168647821643
"t3_1btf55",0.167321815834351
"t3_yifuj",0.118733650740056
"t3_zh4v4",0.229509303546485
"t3_paght",0.154317187154821
"t3_1bmaeo",0.223583243524254
"t3_1mnkgu",0.255031602938408
"t3_1hdqo9",0.241698933189793
"t3_12lbis",0.13777670814878
"t3_1hcumf",0.118693842979186
"t3_11s3p3",0.205899832301334
"t3_1dkhn2",0.152603195310117
"t3_onxcv",0.169385507422812
"t3_1g5q8a",0.184831464298737
"t3_16lcq8",0.126884918066999
"t3_17gi30",0.184027156385974
"t3_ibs5y",0.158006514973659
"t3_1cs2px",0.254244286763641
"t3_v4w93",0.156610379001596
"t3_1n1axt",0.177984110215546
"t3_ihko3",0.284502211479032
"t3_1896rw",0.149473325511447
"t3_125i9k",0.760680426438438
"t3_ww56x",0.162361403590309
"t3_uj7th",0.121785823877227
"t3_xsnoi",0.810484445053178
"t3_jyi06",0.199181022803789
"t3_yxnzv",0.146899754025316
"t3_l4640",0.249858558337348
"t3_1dnss4",0.132901777285569
"t3_1359u2",0.148079371518273
"t3_s4r05",0.177608263864312
"t3_j16ec",0.1648404752992
"t3_zpi3v",0.120303620791274
"t3_pyewj",0.17466756574421
"t3_ychfj",0.248176223258566
"t3_l4pgj",0.208500109998198
"t3_1llkaa",0.210795845147288
"t3_wj3qa",0.158359724591318
"t3_zy61w",0.244056943150806
"t3_1dize8",0.233903620776502
"t3_1f7t8i",0.119399433254615
"t3_1lerlv",0.112702159719387
"t3_1meieg",0.755436928901804
"t3_156xcj",0.208664210075118
"t3_j8iuv",0.243098688406273
"t3_irgvc",0.158457009270159
"t3_qyedt",0.17484636484321
"t3_u95c6",0.193153358077213
"t3_1e97au",0.808120327018047
"t3_wp8uc",0.122236986918564
"t3_sst1u",0.135800738655662
"t3_1c63lb",0.184682450984758
"t3_o85l6",0.168324564345544
"t3_idivc",0.222508164154534
"t3_k45dt",0.20784932727733
"t3_19ywdh",0.770862535061272
"t3_kf0cy",0.228272781372781
"t3_137zgp",0.15965618819747
"t3_1gx8mx",0.214916248082037
"t3_tvndu",0.198251234766956
"t3_zsgtc",0.231318472914925
"t3_l4n9w",0.17821902207604
"t3_mjeye",0.139304561942313
"t3_mz1mg",0.222869015789123
"t3_jgbs9",0.238919116632149
"t3_1gnaod",0.147128519152987
"t3_hrz9i",0.224497276000675
"t3_1me64e",0.149704158158021
"t3_idq7h",0.13956475085945
"t3_ys5ol",0.226127276667121
"t3_1lezr3",0.284776863366127
"t3_lnwd6",0.287177620513426
"t3_zwbh8",0.132302200569852
"t3_1ctkfz",0.164310040800129
"t3_1kn4ge",0.216281868177555
"t3_1l10qa",0.251711740022077
"t3_177ayp",0.814636086537602
"t3_jijg7",0.156878026234074
"t3_16vnjz",0.34087616275623
"t3_1nbk1o",0.19479644418992
"t3_vem93",0.279009597918206
"t3_o6e99",0.194946218993533
"t3_jahvc",0.191840520888691
"t3_k62zb",0.233806293166146
"t3_1n351g",0.127639406741757
"t3_11tjwv",0.135816602751736
"t3_14ux4w",0.25284170471053
"t3_ijhc3",0.162959635231522
"t3_1j6f3u",0.150707498056488
"t3_w21z2",0.195237755671071
"t3_j82a6",0.242290590086696
"t3_pm783",0.228081660716073
"t3_v3r93",0.14517059312757
"t3_1jimga",0.301891715809482
"t3_idti4",0.2302835566216
"t3_mjkln",0.254056811577158
"t3_y2ne5",0.179179265487967
"t3_xry1e",0.211446409525608
"t3_qceuc",0.743035762214413
"t3_16noen",0.143757713290798
"t3_1ee39k",0.118495488087777
"t3_1eq5xl",0.12480764037034
"t3_mrkl3",0.181735461286164
"t3_ojet5",0.142089685029175
"t3_v0ki0",0.19841742092603
"t3_jq47k",0.179820978140017
"t3_1fqoyo",0.751017236883087
"t3_vbb3v",0.153350721722068
"t3_1k62l3",0.144434907779977
"t3_12p4pv",0.153103669284888
"t3_i37e6",0.216803570629216
"t3_if7vp",0.263223023956298
"t3_kvy1i",0.181315689440947
"t3_xd0ls",0.179984292755689
"t3_rirnq",0.228937822998256
"t3_mco6n",0.225938641526409
"t3_13tugz",0.150103773014064
"t3_k0ilx",0.17754435760006
"t3_ibat9",0.213677526389545
"t3_m42qj",0.262781355859348
"t3_1cucx0",0.183854136851023
"t3_zjfck",0.14180512357276
"t3_1iv5aj",0.189350860024056
"t3_u7z81",0.250133084530992
"t3_ke8v1",0.232404424399492
"t3_t6s95",0.751585259141125
"t3_w3y90",0.18447887673711
"t3_vvs2c",0.102988418321798
"t3_hupa5",0.229048934743898
"t3_zf126",0.111545191090335
"t3_v18x3",0.261728022628027
"t3_my9b0",0.239316759443001
"t3_10kngj",0.174591480369165
"t3_is415",0.150981397661566
"t3_io8w1",0.220474078845239
"t3_jatqy",0.321247455224308
"t3_yz9sf",0.137269976257217
"t3_k4z3q",0.287265287762918
"t3_1bird0",0.17823971776881
"t3_1cjq75",0.141282301747235
"t3_1cle36",0.151866369882658
"t3_1cgw6n",0.728460601153737
"t3_yvb02",0.153871103027382
"t3_jzmij",0.149898440842997
"t3_iii4u",0.237785167304872
"t3_jmyq9",0.233039563723101
"t3_kr3gt",0.22165430185548
"t3_w8rkv",0.137566514736821
"t3_12x5q1",0.111967327679961
"t3_jshkp",0.150267685842571
"t3_1o9hi0",0.163490684404916
"t3_u64m1",0.160750022009421
"t3_1cylzs",0.118568732819193
"t3_icou8",0.14018509713985
"t3_jvh8u",0.237643044521935
"t3_rzjzd",0.140065683925589
"t3_mxzhx",0.263283075686114
"t3_vwclz",0.262768921487057
"t3_wxsh1",0.144999327697391
"t3_k3ki7",0.216153701302559
"t3_j6283",0.243939734749017
"t3_mxya9",0.192639565616279
"t3_1aduwk",0.155340460710695
"t3_ot2tt",0.166986776963279
"t3_1lvsn9",0.133006885074917
"t3_1cysab",0.13990519341323
"t3_nhqn0",0.277436710466536
"t3_1109ba",0.204655085873676
"t3_11sa5p",0.150663842104554
"t3_16wls1",0.135480205681325
"t3_1i8cqz",0.126376236265499
"t3_wwkkm",0.132530364771807
"t3_110gio",0.207858453660055
"t3_inmlb",0.168140484682623
"t3_k3ocx",0.239448906941895
"t3_1hz09s",0.123446041001269
"t3_1mzio9",0.277122135137232
"t3_lb1w0",0.311244617273017
"t3_1crwei",0.148343549473619
"t3_q5961",0.153323911635656
"t3_lxx3z",0.246037127908252
"t3_16appe",0.150254106858404
"t3_1adg49",0.139223438496998
"t3_iyk1y",0.240469440688546
"t3_1iw0gf",0.175936245991973
"t3_x1o1v",0.162402982058702
"t3_1m23pg",0.217208985888162
"t3_yintm",0.139474742338743
"t3_ts9p3",0.256396672288751
"t3_z9ck0",0.230826863704236
"t3_th40x",0.745288947128789
"t3_icon7",0.1573626878353
"t3_t0mtn",0.370938686413937
"t3_juayz",0.233509155386058
"t3_mzfsp",0.182265378986504
"t3_14exjy",0.21497474870933
"t3_1c7725",0.145392139090857
"t3_1ifyzz",0.368966961376111
"t3_i96f9",0.764828515074816
"t3_kbmyh",0.20060484314165
"t3_170pqr",0.110841422282008
"t3_sqwpp",0.187237574557229
"t3_1553el",0.160443051419894
"t3_ikbu8",0.21684687320709
"t3_y6aab",0.118042306352194
"t3_1fxma9",0.155178552988911
"t3_18gj1h",0.135542358152195
"t3_o0jew",0.14814065057396
"t3_1jpkbf",0.140122112238873
"t3_idu38",0.181983850009053
"t3_lhjci",0.341714071141986
"t3_1d3hd7",0.17896512368076
"t3_150b65",0.116992630730061
"t3_rjp1j",0.194863177221359
"t3_k30r3",0.188448141472834
"t3_1hav4d",0.108879919114572
"t3_1a5ixr",0.198126175126363
"t3_pxd37",0.168224177252056
"t3_1djtso",0.758285822999625
"t3_14ezoh",0.217586609661966
"t3_12obj5",0.149135455809066
"t3_nqwjm",0.473045532346809
"t3_oifsx",0.14272935413834
"t3_1f45sh",0.109116841854887
"t3_1fr5bm",0.134303022462666
"t3_r7odh",0.262734593980078
"t3_1kmou4",0.188141239095993
"t3_17pzg4",0.240708991055991
"t3_i0miz",0.205165918905302
"t3_il0s0",0.346347340252291
"t3_1l5uzx",0.245322330810392
"t3_1evpom",0.185148188344571
"t3_idy6k",0.148580279815316
"t3_sshis",0.163116939634855
"t3_1blxrm",0.189241079608847
"t3_1esd91",0.118650294270031
"t3_vai9m",0.125403347372825
"t3_ne3jr",0.173062129955453
"t3_1nm9os",0.212961416915402
"t3_ledhr",0.171412888934037
"t3_pw02q",0.159704689923941
"t3_irgbj",0.234949797340497
"t3_xd9hv",0.147660698302822
"t3_icu7p",0.179725882021906
"t3_1d8yob",0.139634907779977
"t3_l4xry",0.280427861144706
"t3_112jsu",0.222444907818477
"t3_kly75",0.260541117216157
"t3_ifrfv",0.208531097766105
"t3_x8mp3",0.203498383719073
"t3_x2qzw",0.166976515770702
"t3_13u1al",0.181564973107784
"t3_xnwf2",0.236579306762068
"t3_xf1p9",0.156056181763607
"t3_jjz0j",0.337506580975732
"t3_k08dr",0.353777135591051
"t3_1af9hg",0.132627227465774
"t3_tl8gg",0.740103505077007
"t3_qdtn7",0.131676599153284
"t3_ubnwm",0.804340746932205
"t3_s14x9",0.131756715351459
"t3_157g5c",0.145251527936425
"t3_y9nfg",0.225227985109357
"t3_tfqnk",0.150518549854669
"t3_1lxsiq",0.113705141176801
"t3_r1boq",0.160576582429401
"t3_14ihpw",0.197340274664976
"t3_12124d",0.149331057885384
"t3_10o1th",0.211180258862361
"t3_1blyk4",0.177964114263353
"t3_jxj0w",0.743730515283237
"t3_12vddw",0.17591208835914
"t3_1kow8l",0.193084529500566
"t3_llfug",0.229334239262055
"t3_1fqagd",0.208383910729704
"t3_pfs19",0.101124367643069
"t3_185q0b",0.173800359911859
"t3_th6m0",0.176686755595983
"t3_1ma6le",0.16104804650319
"t3_k0q1w",0.237358199232621
"t3_15xp2y",0.136001682888215
"t3_vpe62",0.156770207760028
"t3_12gbgy",0.210066987628695
"t3_jtsb9",0.156954295752733
"t3_wly8k",0.188817311617783
"t3_j2k0d",0.252472056169493
"t3_1j4tf5",0.163003312745735
"t3_yfjn0",0.203997708447674
"t3_1cot73",0.174199674161188
"t3_n81pv",0.172699149791689
"t3_ijnhm",0.225544313856086
"t3_1493gl",0.157677196188162
"t3_1i4pcy",0.229071616055842
"t3_n5o88",0.159328754480543
"t3_mrgd3",0.258547311020904
"t3_1fqv6l",0.131476100169537
"t3_mscj8",0.201042061221922
"t3_tiyor",0.166822218294048
"t3_l4rl8",0.233970603349428
"t3_1e2v32",0.162637026152329
"t3_r7sgr",0.180216095286658
"t3_t0krh",0.188461179648091
"t3_iregv",0.230594804536175
"t3_ndcvq",0.307517562626446
"t3_w3ldb",0.168428318270596
"t3_q3io5",0.220684593261927
"t3_smcni",0.154454468889892
"t3_zzsho",0.139730678120415
"t3_pr3p3",0.154694537880429
"t3_1hluyc",0.133864497118718
"t3_k025c",0.20204636085746
"t3_1go8c1",0.16338593889812
"t3_ihhbr",0.867897043251535
"t3_1ckfzz",0.172466822045735
"t3_1l7ksf",0.140295041687155
"t3_vawcb",0.181664499567532
"t3_mody8",0.234188128843403
"t3_1foy3z",0.152076592814918
"t3_qzu4g",0.176088584670243
"t3_lmb89",0.25898547383658
"t3_1m53fu",0.165530714674144
"t3_10cy64",0.113296618621456
"t3_m7m7l",0.747239909125931
"t3_1lfrlc",0.155951252864013
"t3_iihye",0.209346252340881
"t3_xn5hp",0.179254622772889
"t3_ro9ud",0.172998638360955
"t3_kx1pn",0.262860371765466
"t3_1cn0h3",0.19044592913289
"t3_zq12j",0.165544501316932
"t3_1br2hm",0.207512310155934
"t3_knttk",0.238570107756923
"t3_11wza2",0.81086161723948
"t3_iwbsf",0.176456724129563
"t3_nys7g",0.241522143651496
"t3_17pmtu",0.14604509706224
